person_display_name -- Person.display_name,person_display_name -- Person.id,id,created_at
68e2b632-a4f2-54ff-aa31-9365b5ee79c1,68e2b632-a4f2-54ff-aa31-9365b5ee79c1,68e2b632-a4f2-54ff-aa31-9365b5ee79c1,2025-06-05 16:53:39-07:00
a449abfe-19f2-5a15-b806-7c501f5bec80,a449abfe-19f2-5a15-b806-7c501f5bec80,a449abfe-19f2-5a15-b806-7c501f5bec80,2025-06-05 14:24:50-07:00
503fe63a-61da-5f25-b039-4db145244979,503fe63a-61da-5f25-b039-4db145244979,503fe63a-61da-5f25-b039-4db145244979,2025-06-05 14:24:50-07:00
fa4ebf97-8eda-5466-a4e3-8fa3ece50ebd,fa4ebf97-8eda-5466-a4e3-8fa3ece50ebd,fa4ebf97-8eda-5466-a4e3-8fa3ece50ebd,2025-06-05 14:24:49-07:00
5e1fd7c1-72b7-5e07-aac7-8245472812b5,5e1fd7c1-72b7-5e07-aac7-8245472812b5,5e1fd7c1-72b7-5e07-aac7-8245472812b5,2025-06-05 14:24:49-07:00
987a9b44-ab8a-59da-bb5f-c91cb9bc6a7e,987a9b44-ab8a-59da-bb5f-c91cb9bc6a7e,987a9b44-ab8a-59da-bb5f-c91cb9bc6a7e,2025-06-05 14:24:48-07:00
a19d4963-4e13-5781-9ef7-faa8f52ea9d9,a19d4963-4e13-5781-9ef7-faa8f52ea9d9,a19d4963-4e13-5781-9ef7-faa8f52ea9d9,2025-06-05 14:24:48-07:00
9aefdf20-7794-55de-a5aa-70400bc509ac,9aefdf20-7794-55de-a5aa-70400bc509ac,9aefdf20-7794-55de-a5aa-70400bc509ac,2025-06-05 14:24:47-07:00
661c49e6-f3bd-5ab7-940d-abbd156d5977,661c49e6-f3bd-5ab7-940d-abbd156d5977,661c49e6-f3bd-5ab7-940d-abbd156d5977,2025-06-05 14:24:47-07:00
7e435c1a-0b51-5fe6-8598-5f7dc9c325c6,7e435c1a-0b51-5fe6-8598-5f7dc9c325c6,7e435c1a-0b51-5fe6-8598-5f7dc9c325c6,2025-06-05 14:24:46-07:00
04652796-db5a-5e8c-b69c-7ced9c11953e,04652796-db5a-5e8c-b69c-7ced9c11953e,04652796-db5a-5e8c-b69c-7ced9c11953e,2025-06-05 14:24:46-07:00
541f6bde-db92-51b1-88f3-35e6f3c2ca76,541f6bde-db92-51b1-88f3-35e6f3c2ca76,541f6bde-db92-51b1-88f3-35e6f3c2ca76,2025-06-05 14:24:45-07:00
e7094b76-15f2-5614-8aea-59e0b2e6abe1,e7094b76-15f2-5614-8aea-59e0b2e6abe1,e7094b76-15f2-5614-8aea-59e0b2e6abe1,2025-06-05 14:24:45-07:00
d6e8417a-4f83-5792-8f86-74a761bea11e,d6e8417a-4f83-5792-8f86-74a761bea11e,d6e8417a-4f83-5792-8f86-74a761bea11e,2025-06-05 14:24:44-07:00
c6b27fb4-9b19-5ebc-93f2-5e6e196921d0,c6b27fb4-9b19-5ebc-93f2-5e6e196921d0,c6b27fb4-9b19-5ebc-93f2-5e6e196921d0,2025-06-05 14:24:44-07:00
3af95d7e-1a90-5cdb-bcf5-bd9cf9c061c6,3af95d7e-1a90-5cdb-bcf5-bd9cf9c061c6,3af95d7e-1a90-5cdb-bcf5-bd9cf9c061c6,2025-06-05 14:24:44-07:00
d9f82887-c8d8-51bb-ad7a-5d71ea554d1c,d9f82887-c8d8-51bb-ad7a-5d71ea554d1c,d9f82887-c8d8-51bb-ad7a-5d71ea554d1c,2025-06-05 14:24:44-07:00
f2ebfa19-b587-55e6-8427-bb4f2065a3f1,f2ebfa19-b587-55e6-8427-bb4f2065a3f1,f2ebfa19-b587-55e6-8427-bb4f2065a3f1,2025-06-05 14:24:43-07:00
e9f5cb87-0383-547d-89ee-88a9fa1cc923,e9f5cb87-0383-547d-89ee-88a9fa1cc923,e9f5cb87-0383-547d-89ee-88a9fa1cc923,2025-06-05 14:24:43-07:00
e3ad3c24-0aee-5309-a1e7-a31aa883c88f,e3ad3c24-0aee-5309-a1e7-a31aa883c88f,e3ad3c24-0aee-5309-a1e7-a31aa883c88f,2025-06-05 14:24:42-07:00
841c5caa-034a-5270-b83b-567aba63c842,841c5caa-034a-5270-b83b-567aba63c842,841c5caa-034a-5270-b83b-567aba63c842,2025-06-05 14:24:42-07:00
58eb3bbf-c9fc-53d6-834c-ed1b4e5be6bf,58eb3bbf-c9fc-53d6-834c-ed1b4e5be6bf,58eb3bbf-c9fc-53d6-834c-ed1b4e5be6bf,2025-06-05 14:24:41-07:00
611ca59d-933e-5450-b86d-bd816068d075,611ca59d-933e-5450-b86d-bd816068d075,611ca59d-933e-5450-b86d-bd816068d075,2025-06-05 14:24:41-07:00
be427d13-357d-5e57-974b-06b9279b0f4a,be427d13-357d-5e57-974b-06b9279b0f4a,be427d13-357d-5e57-974b-06b9279b0f4a,2025-06-05 14:24:39-07:00
199a49b4-ff56-501f-837c-1184d6b608c8,199a49b4-ff56-501f-837c-1184d6b608c8,199a49b4-ff56-501f-837c-1184d6b608c8,2025-06-05 14:24:39-07:00
981078e9-be63-51dd-be77-b3f85a51c4e9,981078e9-be63-51dd-be77-b3f85a51c4e9,981078e9-be63-51dd-be77-b3f85a51c4e9,2025-06-05 14:24:39-07:00
2cec516e-b6f8-5d7d-8895-e6a3c36fdff8,2cec516e-b6f8-5d7d-8895-e6a3c36fdff8,2cec516e-b6f8-5d7d-8895-e6a3c36fdff8,2025-06-05 14:24:39-07:00
def50b6c-2311-581f-8305-9809c543d361,def50b6c-2311-581f-8305-9809c543d361,def50b6c-2311-581f-8305-9809c543d361,2025-06-05 14:24:39-07:00
f5a2ba6d-ba2b-5828-bc8e-12a777fe5472,f5a2ba6d-ba2b-5828-bc8e-12a777fe5472,f5a2ba6d-ba2b-5828-bc8e-12a777fe5472,2025-06-05 14:24:39-07:00
baadbd5f-8b6c-5376-8668-2857084adcf7,baadbd5f-8b6c-5376-8668-2857084adcf7,baadbd5f-8b6c-5376-8668-2857084adcf7,2025-06-05 14:24:39-07:00
20ae75f8-e791-5c15-945a-729e11ad8e61,20ae75f8-e791-5c15-945a-729e11ad8e61,20ae75f8-e791-5c15-945a-729e11ad8e61,2025-06-05 14:24:39-07:00
198facfc-497f-5a3c-b3d7-cbe8beb27a6e,198facfc-497f-5a3c-b3d7-cbe8beb27a6e,198facfc-497f-5a3c-b3d7-cbe8beb27a6e,2025-06-05 14:24:39-07:00
62a7e8fd-e6f5-5d36-b67f-d0e623f83b52,62a7e8fd-e6f5-5d36-b67f-d0e623f83b52,62a7e8fd-e6f5-5d36-b67f-d0e623f83b52,2025-06-05 14:24:39-07:00
47ad0aa6-7bc0-5db8-881b-acd7dfe61acd,47ad0aa6-7bc0-5db8-881b-acd7dfe61acd,47ad0aa6-7bc0-5db8-881b-acd7dfe61acd,2025-06-05 14:24:39-07:00
021354ca-fd48-5431-b4b4-b51bc5316d6d,021354ca-fd48-5431-b4b4-b51bc5316d6d,021354ca-fd48-5431-b4b4-b51bc5316d6d,2025-06-05 14:24:39-07:00
d28e22c4-3e17-5475-96b1-3eefafda7654,d28e22c4-3e17-5475-96b1-3eefafda7654,d28e22c4-3e17-5475-96b1-3eefafda7654,2025-06-05 14:24:38-07:00
0cc15c69-646c-5334-bc30-826030d06441,0cc15c69-646c-5334-bc30-826030d06441,0cc15c69-646c-5334-bc30-826030d06441,2025-06-05 14:24:38-07:00
4c438a1d-c87d-53f5-b9bd-90e1c5c7b903,4c438a1d-c87d-53f5-b9bd-90e1c5c7b903,4c438a1d-c87d-53f5-b9bd-90e1c5c7b903,2025-06-05 14:24:38-07:00
f0e8f442-c251-5804-8e56-508156c54b8e,f0e8f442-c251-5804-8e56-508156c54b8e,f0e8f442-c251-5804-8e56-508156c54b8e,2025-06-05 14:24:38-07:00
314439ac-f915-5ba1-8db1-ba94a22a9655,314439ac-f915-5ba1-8db1-ba94a22a9655,314439ac-f915-5ba1-8db1-ba94a22a9655,2025-06-05 14:24:38-07:00
24d4e4bb-d50f-5c6a-9745-4cdd69f33595,24d4e4bb-d50f-5c6a-9745-4cdd69f33595,24d4e4bb-d50f-5c6a-9745-4cdd69f33595,2025-06-05 14:24:38-07:00
3651e8c4-3c05-5c4c-b6b9-33f36c7f0654,3651e8c4-3c05-5c4c-b6b9-33f36c7f0654,3651e8c4-3c05-5c4c-b6b9-33f36c7f0654,2025-06-05 14:24:18-07:00
6988f996-12ec-54d4-94cd-67398536bbd6,6988f996-12ec-54d4-94cd-67398536bbd6,6988f996-12ec-54d4-94cd-67398536bbd6,2025-06-05 14:24:18-07:00
1a3eaada-31d0-5994-913c-d3ce7e0dc09e,1a3eaada-31d0-5994-913c-d3ce7e0dc09e,1a3eaada-31d0-5994-913c-d3ce7e0dc09e,2025-06-05 14:24:18-07:00
24fce850-0558-543a-91eb-da17314d3665,24fce850-0558-543a-91eb-da17314d3665,24fce850-0558-543a-91eb-da17314d3665,2025-06-05 14:24:18-07:00
21a2c3b0-d98e-585f-b6eb-0abf13e96a36,21a2c3b0-d98e-585f-b6eb-0abf13e96a36,21a2c3b0-d98e-585f-b6eb-0abf13e96a36,2025-06-05 14:24:18-07:00
02efa05e-5526-59d9-9b44-d4778a84f664,02efa05e-5526-59d9-9b44-d4778a84f664,02efa05e-5526-59d9-9b44-d4778a84f664,2025-06-05 14:24:18-07:00
1e01c837-6c96-52e4-9c37-d531fe51525c,1e01c837-6c96-52e4-9c37-d531fe51525c,1e01c837-6c96-52e4-9c37-d531fe51525c,2025-06-05 14:24:18-07:00
f5eb5fc7-ca66-5357-9fb4-7138776e8d5d,f5eb5fc7-ca66-5357-9fb4-7138776e8d5d,f5eb5fc7-ca66-5357-9fb4-7138776e8d5d,2025-06-05 14:24:18-07:00
6f15b8c6-5267-56fa-9c1a-49a72c21ad27,6f15b8c6-5267-56fa-9c1a-49a72c21ad27,6f15b8c6-5267-56fa-9c1a-49a72c21ad27,2025-06-05 14:24:17-07:00
562e6d9f-a90f-5dcd-8e54-0e0b6983ff1a,562e6d9f-a90f-5dcd-8e54-0e0b6983ff1a,562e6d9f-a90f-5dcd-8e54-0e0b6983ff1a,2025-06-05 14:24:08-07:00
5bd2509b-bf12-5866-8bfc-d7374c28c991,5bd2509b-bf12-5866-8bfc-d7374c28c991,5bd2509b-bf12-5866-8bfc-d7374c28c991,2025-06-05 14:24:07-07:00
f1fb586f-fd33-5848-8468-00cd5887692e,f1fb586f-fd33-5848-8468-00cd5887692e,f1fb586f-fd33-5848-8468-00cd5887692e,2025-06-05 14:24:06-07:00
27a90aae-cbcb-52e4-b28d-4eea00a9aa07,27a90aae-cbcb-52e4-b28d-4eea00a9aa07,27a90aae-cbcb-52e4-b28d-4eea00a9aa07,2025-06-05 12:56:11-07:00
19d6cdc6-99c8-5102-95a1-95471f07878d,19d6cdc6-99c8-5102-95a1-95471f07878d,19d6cdc6-99c8-5102-95a1-95471f07878d,2025-06-05 12:31:52-07:00
7c80e998-255e-593e-bd9e-31d8b4a1c5c8,7c80e998-255e-593e-bd9e-31d8b4a1c5c8,7c80e998-255e-593e-bd9e-31d8b4a1c5c8,2025-06-05 12:29:35-07:00
1b4750de-63b0-5c17-ad5d-58bf7ce3c3c8,1b4750de-63b0-5c17-ad5d-58bf7ce3c3c8,1b4750de-63b0-5c17-ad5d-58bf7ce3c3c8,2025-06-05 10:02:38-07:00
5c298b98-1b60-5bb3-b221-20dcb76a43af,5c298b98-1b60-5bb3-b221-20dcb76a43af,5c298b98-1b60-5bb3-b221-20dcb76a43af,2025-06-05 07:31:58-07:00
24f9b9f0-d2a8-5091-87f4-95880e5301fe,24f9b9f0-d2a8-5091-87f4-95880e5301fe,24f9b9f0-d2a8-5091-87f4-95880e5301fe,2025-06-05 01:13:29-07:00
b9fb995b-67cf-5c04-b39c-13ad11cb92c4,b9fb995b-67cf-5c04-b39c-13ad11cb92c4,b9fb995b-67cf-5c04-b39c-13ad11cb92c4,2025-06-04 16:43:10-07:00
248da454-45e4-5d8b-ac71-04ab95232b2d,248da454-45e4-5d8b-ac71-04ab95232b2d,248da454-45e4-5d8b-ac71-04ab95232b2d,2025-06-04 13:48:33-07:00
ee8351b9-ea47-59b0-8059-bfff2f66799e,ee8351b9-ea47-59b0-8059-bfff2f66799e,ee8351b9-ea47-59b0-8059-bfff2f66799e,2025-06-04 11:46:48-07:00
092c4c17-3f21-5e49-82b7-3724798a5b09,092c4c17-3f21-5e49-82b7-3724798a5b09,092c4c17-3f21-5e49-82b7-3724798a5b09,2025-06-04 11:46:48-07:00
ab5dc069-0b08-5bce-83cc-62b63f8e3b1d,ab5dc069-0b08-5bce-83cc-62b63f8e3b1d,ab5dc069-0b08-5bce-83cc-62b63f8e3b1d,2025-06-04 11:46:47-07:00
e2e6a2ee-7b82-530e-ba0e-16f6b2919557,e2e6a2ee-7b82-530e-ba0e-16f6b2919557,e2e6a2ee-7b82-530e-ba0e-16f6b2919557,2025-06-04 11:46:47-07:00
af405d62-a304-5f7c-9cef-e3f6cee5790b,af405d62-a304-5f7c-9cef-e3f6cee5790b,af405d62-a304-5f7c-9cef-e3f6cee5790b,2025-06-04 11:46:46-07:00
0d8a41ee-21d4-5c4c-af41-fc4abd13481c,0d8a41ee-21d4-5c4c-af41-fc4abd13481c,0d8a41ee-21d4-5c4c-af41-fc4abd13481c,2025-06-04 11:46:46-07:00
6f719ac7-97a0-5460-8306-406ac4f8dddc,6f719ac7-97a0-5460-8306-406ac4f8dddc,6f719ac7-97a0-5460-8306-406ac4f8dddc,2025-06-04 11:46:45-07:00
25264b91-7efb-5ddd-8ae3-20e6c76b5c3a,25264b91-7efb-5ddd-8ae3-20e6c76b5c3a,25264b91-7efb-5ddd-8ae3-20e6c76b5c3a,2025-06-04 11:46:45-07:00
0a74246f-e907-5de5-9dc8-c8874fb0548a,0a74246f-e907-5de5-9dc8-c8874fb0548a,0a74246f-e907-5de5-9dc8-c8874fb0548a,2025-06-04 11:46:44-07:00
2cb47085-179d-5ac4-b33e-c8c79a9ebdbb,2cb47085-179d-5ac4-b33e-c8c79a9ebdbb,2cb47085-179d-5ac4-b33e-c8c79a9ebdbb,2025-06-04 11:46:44-07:00
ccb08bb8-4761-5fb3-8d6c-f56861cd2aa1,ccb08bb8-4761-5fb3-8d6c-f56861cd2aa1,ccb08bb8-4761-5fb3-8d6c-f56861cd2aa1,2025-06-04 11:46:43-07:00
440220f5-3c03-59ed-90db-67a58f4a9c54,440220f5-3c03-59ed-90db-67a58f4a9c54,440220f5-3c03-59ed-90db-67a58f4a9c54,2025-06-04 11:46:43-07:00
c78ab111-221f-554c-824f-63f9ee983153,c78ab111-221f-554c-824f-63f9ee983153,c78ab111-221f-554c-824f-63f9ee983153,2025-06-04 11:46:43-07:00
f906aae3-3eaf-5083-9748-73452ba91729,f906aae3-3eaf-5083-9748-73452ba91729,f906aae3-3eaf-5083-9748-73452ba91729,2025-06-04 11:46:43-07:00
ec999ead-d2c8-57d8-b9df-2127d32776f6,ec999ead-d2c8-57d8-b9df-2127d32776f6,ec999ead-d2c8-57d8-b9df-2127d32776f6,2025-06-04 11:46:42-07:00
e55497db-64b5-5497-b352-26769f512a83,e55497db-64b5-5497-b352-26769f512a83,e55497db-64b5-5497-b352-26769f512a83,2025-06-04 11:46:42-07:00
dbbca87c-c5f2-54ff-bd97-9cf53d2c4f3c,dbbca87c-c5f2-54ff-bd97-9cf53d2c4f3c,dbbca87c-c5f2-54ff-bd97-9cf53d2c4f3c,2025-06-04 11:46:41-07:00
00a4e012-c6d8-5fc0-8cff-5f99db33fecb,00a4e012-c6d8-5fc0-8cff-5f99db33fecb,00a4e012-c6d8-5fc0-8cff-5f99db33fecb,2025-06-04 11:46:41-07:00
4b393af5-6a88-5154-9895-c9730c6d0f90,4b393af5-6a88-5154-9895-c9730c6d0f90,4b393af5-6a88-5154-9895-c9730c6d0f90,2025-06-04 11:46:40-07:00
cdefa493-69f5-5742-a419-ee880002256c,cdefa493-69f5-5742-a419-ee880002256c,cdefa493-69f5-5742-a419-ee880002256c,2025-06-04 11:46:40-07:00
c831843b-7038-599d-8b6a-c2c73a2fc490,c831843b-7038-599d-8b6a-c2c73a2fc490,c831843b-7038-599d-8b6a-c2c73a2fc490,2025-06-04 11:46:40-07:00
c69e1f97-ac13-5a46-a31d-0634d0270f88,c69e1f97-ac13-5a46-a31d-0634d0270f88,c69e1f97-ac13-5a46-a31d-0634d0270f88,2025-06-04 11:46:40-07:00
72d22947-4d92-5482-a5f2-d2fd99c5ccd6,72d22947-4d92-5482-a5f2-d2fd99c5ccd6,72d22947-4d92-5482-a5f2-d2fd99c5ccd6,2025-06-04 11:46:38-07:00
75f7a5ad-9887-520c-aee4-a5064370ca8c,75f7a5ad-9887-520c-aee4-a5064370ca8c,75f7a5ad-9887-520c-aee4-a5064370ca8c,2025-06-04 11:46:38-07:00
45dadf1e-2652-5b23-a0e1-55ac069af95e,45dadf1e-2652-5b23-a0e1-55ac069af95e,45dadf1e-2652-5b23-a0e1-55ac069af95e,2025-06-04 11:46:38-07:00
474f42ae-be47-500c-8645-26d93f8a9f1a,474f42ae-be47-500c-8645-26d93f8a9f1a,474f42ae-be47-500c-8645-26d93f8a9f1a,2025-06-04 11:46:38-07:00
baac1851-5eac-545a-a3e8-b230ab894694,baac1851-5eac-545a-a3e8-b230ab894694,baac1851-5eac-545a-a3e8-b230ab894694,2025-06-04 11:46:38-07:00
79fd2c94-8806-55f8-ab2e-3c2687e3f308,79fd2c94-8806-55f8-ab2e-3c2687e3f308,79fd2c94-8806-55f8-ab2e-3c2687e3f308,2025-06-04 11:46:38-07:00
70e43c7b-f210-537a-9bca-7c89fbf4fdcf,70e43c7b-f210-537a-9bca-7c89fbf4fdcf,70e43c7b-f210-537a-9bca-7c89fbf4fdcf,2025-06-04 11:46:37-07:00
d02496b3-b30e-5f36-bec3-8574755c883a,d02496b3-b30e-5f36-bec3-8574755c883a,d02496b3-b30e-5f36-bec3-8574755c883a,2025-06-04 11:46:37-07:00
3ee07aa0-6123-5afe-a4a6-ba7bcad81c5b,3ee07aa0-6123-5afe-a4a6-ba7bcad81c5b,3ee07aa0-6123-5afe-a4a6-ba7bcad81c5b,2025-06-04 11:46:37-07:00
915d78be-01ac-56b0-a772-4e8194aaa44c,915d78be-01ac-56b0-a772-4e8194aaa44c,915d78be-01ac-56b0-a772-4e8194aaa44c,2025-06-04 11:46:37-07:00
e64d9f0d-1995-5588-9adc-0328ddb59082,e64d9f0d-1995-5588-9adc-0328ddb59082,e64d9f0d-1995-5588-9adc-0328ddb59082,2025-06-04 11:46:37-07:00
ca11f50e-50a6-522a-85fe-71c81ce9ea3b,ca11f50e-50a6-522a-85fe-71c81ce9ea3b,ca11f50e-50a6-522a-85fe-71c81ce9ea3b,2025-06-04 11:46:37-07:00
efbfb901-5bf8-5e66-979c-fdf925bee7ce,efbfb901-5bf8-5e66-979c-fdf925bee7ce,efbfb901-5bf8-5e66-979c-fdf925bee7ce,2025-06-04 11:46:37-07:00
8cdce609-d35b-5a0c-9efe-03a99d369b35,8cdce609-d35b-5a0c-9efe-03a99d369b35,8cdce609-d35b-5a0c-9efe-03a99d369b35,2025-06-04 11:46:37-07:00
42b0146a-71e0-51c4-817e-515582e64f49,42b0146a-71e0-51c4-817e-515582e64f49,42b0146a-71e0-51c4-817e-515582e64f49,2025-06-04 11:46:37-07:00
56edfbef-2aac-5570-890a-01bc4c135f3d,56edfbef-2aac-5570-890a-01bc4c135f3d,56edfbef-2aac-5570-890a-01bc4c135f3d,2025-06-04 11:46:37-07:00
2dac39cd-854d-5c3a-a1d3-399319ded097,2dac39cd-854d-5c3a-a1d3-399319ded097,2dac39cd-854d-5c3a-a1d3-399319ded097,2025-06-04 11:46:37-07:00
6bee538f-0666-5429-a23b-da6f012609aa,6bee538f-0666-5429-a23b-da6f012609aa,6bee538f-0666-5429-a23b-da6f012609aa,2025-06-04 11:46:37-07:00
fe636000-4ade-5e2a-b7b4-541aba96a227,fe636000-4ade-5e2a-b7b4-541aba96a227,fe636000-4ade-5e2a-b7b4-541aba96a227,2025-06-04 11:46:22-07:00
82ba2b81-a547-5b15-a53b-5ec5b5edf4fb,82ba2b81-a547-5b15-a53b-5ec5b5edf4fb,82ba2b81-a547-5b15-a53b-5ec5b5edf4fb,2025-06-04 11:46:22-07:00
b210602b-1a0a-5c34-9bae-73d786110afc,b210602b-1a0a-5c34-9bae-73d786110afc,b210602b-1a0a-5c34-9bae-73d786110afc,2025-06-04 11:46:22-07:00
2c5fffc8-bc11-54ca-9a23-8edc043d191e,2c5fffc8-bc11-54ca-9a23-8edc043d191e,2c5fffc8-bc11-54ca-9a23-8edc043d191e,2025-06-04 11:46:22-07:00
2c1ca29d-49fd-5f99-b7b9-136798df60ca,2c1ca29d-49fd-5f99-b7b9-136798df60ca,2c1ca29d-49fd-5f99-b7b9-136798df60ca,2025-06-04 11:46:21-07:00
38397d50-3b26-5287-b726-ff0284658a16,38397d50-3b26-5287-b726-ff0284658a16,38397d50-3b26-5287-b726-ff0284658a16,2025-06-04 11:46:21-07:00
5a5ff5de-52b9-5963-a7da-537d5ca86073,5a5ff5de-52b9-5963-a7da-537d5ca86073,5a5ff5de-52b9-5963-a7da-537d5ca86073,2025-06-04 11:46:21-07:00
8a890fd0-3674-5606-bc9d-a1701471ea7b,8a890fd0-3674-5606-bc9d-a1701471ea7b,8a890fd0-3674-5606-bc9d-a1701471ea7b,2025-06-04 11:46:21-07:00
ccd18e4b-3bfb-5a7b-a3ab-212da3e550d3,ccd18e4b-3bfb-5a7b-a3ab-212da3e550d3,ccd18e4b-3bfb-5a7b-a3ab-212da3e550d3,2025-06-04 11:46:21-07:00
46b6873f-080a-554f-bf5e-2d8e6672e60c,46b6873f-080a-554f-bf5e-2d8e6672e60c,46b6873f-080a-554f-bf5e-2d8e6672e60c,2025-06-04 11:46:13-07:00
75e04f6c-3a61-5871-8e6f-e0594537fbc9,75e04f6c-3a61-5871-8e6f-e0594537fbc9,75e04f6c-3a61-5871-8e6f-e0594537fbc9,2025-06-04 11:46:12-07:00
b84982ad-1620-508f-952a-09d3038944c0,b84982ad-1620-508f-952a-09d3038944c0,b84982ad-1620-508f-952a-09d3038944c0,2025-06-04 11:46:11-07:00
3892d0f1-44e1-5035-9491-be1797656954,3892d0f1-44e1-5035-9491-be1797656954,3892d0f1-44e1-5035-9491-be1797656954,2025-06-04 10:30:02-07:00
c72b4ffd-b1ca-5394-b8a7-0611c88529bb,c72b4ffd-b1ca-5394-b8a7-0611c88529bb,c72b4ffd-b1ca-5394-b8a7-0611c88529bb,2025-06-04 08:30:20-07:00
15e8ccf2-c17f-5d8f-8dfe-339e919f44d3,15e8ccf2-c17f-5d8f-8dfe-339e919f44d3,15e8ccf2-c17f-5d8f-8dfe-339e919f44d3,2025-06-04 08:03:41-07:00
6870a983-b8b8-5298-b994-396004f846bb,6870a983-b8b8-5298-b994-396004f846bb,6870a983-b8b8-5298-b994-396004f846bb,2025-06-03 14:16:22-07:00
af42c0d2-cd10-5bc7-9c0f-7cd822d1630c,af42c0d2-cd10-5bc7-9c0f-7cd822d1630c,af42c0d2-cd10-5bc7-9c0f-7cd822d1630c,2025-06-03 14:16:22-07:00
592581d1-71f8-5f37-93e8-e134dd4b6b47,592581d1-71f8-5f37-93e8-e134dd4b6b47,592581d1-71f8-5f37-93e8-e134dd4b6b47,2025-06-03 14:16:21-07:00
e455e40f-80e9-5cbb-a5e9-018d9948bafb,e455e40f-80e9-5cbb-a5e9-018d9948bafb,e455e40f-80e9-5cbb-a5e9-018d9948bafb,2025-06-03 14:16:21-07:00
71adfa07-65f9-5abe-87ff-312b2fa5617d,71adfa07-65f9-5abe-87ff-312b2fa5617d,71adfa07-65f9-5abe-87ff-312b2fa5617d,2025-06-03 14:16:20-07:00
a90bcc47-94b7-51cb-b5ad-395b15f4e053,a90bcc47-94b7-51cb-b5ad-395b15f4e053,a90bcc47-94b7-51cb-b5ad-395b15f4e053,2025-06-03 14:16:20-07:00
60eb3f61-6c4b-5593-b04d-dd9d2b6d09ea,60eb3f61-6c4b-5593-b04d-dd9d2b6d09ea,60eb3f61-6c4b-5593-b04d-dd9d2b6d09ea,2025-06-03 14:16:19-07:00
d6205eea-ff6b-51b5-94e3-b55818f8d057,d6205eea-ff6b-51b5-94e3-b55818f8d057,d6205eea-ff6b-51b5-94e3-b55818f8d057,2025-06-03 14:16:19-07:00
c792079c-c1c2-5c90-8d4e-f29cf182aafe,c792079c-c1c2-5c90-8d4e-f29cf182aafe,c792079c-c1c2-5c90-8d4e-f29cf182aafe,2025-06-03 14:16:19-07:00
284925ee-4e6c-58ac-8561-de975c3dc84e,284925ee-4e6c-58ac-8561-de975c3dc84e,284925ee-4e6c-58ac-8561-de975c3dc84e,2025-06-03 14:16:19-07:00
d477f183-60c1-53ad-ad69-1855531226ee,d477f183-60c1-53ad-ad69-1855531226ee,d477f183-60c1-53ad-ad69-1855531226ee,2025-06-03 14:16:18-07:00
ecbb33ea-d641-5dce-a1de-717846901822,ecbb33ea-d641-5dce-a1de-717846901822,ecbb33ea-d641-5dce-a1de-717846901822,2025-06-03 14:16:18-07:00
632fdceb-9683-5fa1-8b45-179dd3078e9d,632fdceb-9683-5fa1-8b45-179dd3078e9d,632fdceb-9683-5fa1-8b45-179dd3078e9d,2025-06-03 14:16:17-07:00
4703e5b0-43ba-52b2-82df-cd706aafa66c,4703e5b0-43ba-52b2-82df-cd706aafa66c,4703e5b0-43ba-52b2-82df-cd706aafa66c,2025-06-03 14:16:17-07:00
bed32814-0bb5-5f02-b5b8-18de305d8d91,bed32814-0bb5-5f02-b5b8-18de305d8d91,bed32814-0bb5-5f02-b5b8-18de305d8d91,2025-06-03 14:16:17-07:00
f9be369c-7967-5430-b302-9ac5aba1be1e,f9be369c-7967-5430-b302-9ac5aba1be1e,f9be369c-7967-5430-b302-9ac5aba1be1e,2025-06-03 14:16:17-07:00
e04bdc95-2b47-5513-be9d-feb17ebeb91a,e04bdc95-2b47-5513-be9d-feb17ebeb91a,e04bdc95-2b47-5513-be9d-feb17ebeb91a,2025-06-03 14:16:16-07:00
7fc41563-27fe-50f6-a366-e2b3aa73da17,7fc41563-27fe-50f6-a366-e2b3aa73da17,7fc41563-27fe-50f6-a366-e2b3aa73da17,2025-06-03 14:16:16-07:00
22ad9273-7527-55fa-ae14-9d63aac9f9b4,22ad9273-7527-55fa-ae14-9d63aac9f9b4,22ad9273-7527-55fa-ae14-9d63aac9f9b4,2025-06-03 14:16:15-07:00
213eded2-735d-5c06-9339-975d88a1614a,213eded2-735d-5c06-9339-975d88a1614a,213eded2-735d-5c06-9339-975d88a1614a,2025-06-03 14:16:15-07:00
9937984c-ad8a-51ab-84ad-ea9d49a62ff0,9937984c-ad8a-51ab-84ad-ea9d49a62ff0,9937984c-ad8a-51ab-84ad-ea9d49a62ff0,2025-06-03 14:16:15-07:00
5cd7bbd1-9dc0-5d52-8d2f-0523a426c37d,5cd7bbd1-9dc0-5d52-8d2f-0523a426c37d,5cd7bbd1-9dc0-5d52-8d2f-0523a426c37d,2025-06-03 14:16:15-07:00
56a8b2fc-e746-5310-a2df-4eb7af83ee82,56a8b2fc-e746-5310-a2df-4eb7af83ee82,56a8b2fc-e746-5310-a2df-4eb7af83ee82,2025-06-03 14:16:14-07:00
5f20afcf-fdaa-5dd1-9b79-d0db2ebadeb7,5f20afcf-fdaa-5dd1-9b79-d0db2ebadeb7,5f20afcf-fdaa-5dd1-9b79-d0db2ebadeb7,2025-06-03 14:16:14-07:00
46e655ed-b37b-56ac-bcb3-e750782f2192,46e655ed-b37b-56ac-bcb3-e750782f2192,46e655ed-b37b-56ac-bcb3-e750782f2192,2025-06-03 14:16:13-07:00
ad5c63fe-4c94-51dc-a5ef-775bde30ac53,ad5c63fe-4c94-51dc-a5ef-775bde30ac53,ad5c63fe-4c94-51dc-a5ef-775bde30ac53,2025-06-03 14:16:13-07:00
5677ea45-7679-5e22-815f-12400d9306ea,5677ea45-7679-5e22-815f-12400d9306ea,5677ea45-7679-5e22-815f-12400d9306ea,2025-06-03 14:16:13-07:00
e5dc8cf7-eb30-56aa-aa0b-4f7ec5fa02d0,e5dc8cf7-eb30-56aa-aa0b-4f7ec5fa02d0,e5dc8cf7-eb30-56aa-aa0b-4f7ec5fa02d0,2025-06-03 14:16:13-07:00
128d8480-8003-5382-9a08-ea55f76a799d,128d8480-8003-5382-9a08-ea55f76a799d,128d8480-8003-5382-9a08-ea55f76a799d,2025-06-03 14:16:13-07:00
291ced8c-cb3b-5191-857a-394483766021,291ced8c-cb3b-5191-857a-394483766021,291ced8c-cb3b-5191-857a-394483766021,2025-06-03 14:16:13-07:00
788cb957-56ed-5165-811d-00d4b847f5d9,788cb957-56ed-5165-811d-00d4b847f5d9,788cb957-56ed-5165-811d-00d4b847f5d9,2025-06-03 14:16:13-07:00
1e9077d9-4cae-5ce6-9519-c0f4c7980329,1e9077d9-4cae-5ce6-9519-c0f4c7980329,1e9077d9-4cae-5ce6-9519-c0f4c7980329,2025-06-03 14:16:13-07:00
cbfdb581-bcbd-5a72-aff6-ed067266e5ba,cbfdb581-bcbd-5a72-aff6-ed067266e5ba,cbfdb581-bcbd-5a72-aff6-ed067266e5ba,2025-06-03 14:16:13-07:00
6151c03e-ffed-57ed-a35c-3993e38a8e4c,6151c03e-ffed-57ed-a35c-3993e38a8e4c,6151c03e-ffed-57ed-a35c-3993e38a8e4c,2025-06-03 14:16:13-07:00
bc3ce27a-bbb3-5489-be28-724c16bb1eff,bc3ce27a-bbb3-5489-be28-724c16bb1eff,bc3ce27a-bbb3-5489-be28-724c16bb1eff,2025-06-03 14:16:13-07:00
9d207671-00e0-5bee-8be4-00b83618e668,9d207671-00e0-5bee-8be4-00b83618e668,9d207671-00e0-5bee-8be4-00b83618e668,2025-06-03 14:16:13-07:00
3fd0f8c8-9f8b-5b22-ba69-fcd0cd78f393,3fd0f8c8-9f8b-5b22-ba69-fcd0cd78f393,3fd0f8c8-9f8b-5b22-ba69-fcd0cd78f393,2025-06-03 14:16:13-07:00
42ff41af-1c96-5bc2-80fa-9ca6307f97a9,42ff41af-1c96-5bc2-80fa-9ca6307f97a9,42ff41af-1c96-5bc2-80fa-9ca6307f97a9,2025-06-03 14:16:13-07:00
b1bdda0c-5927-5924-9375-61bb6e149f7d,b1bdda0c-5927-5924-9375-61bb6e149f7d,b1bdda0c-5927-5924-9375-61bb6e149f7d,2025-06-03 14:16:12-07:00
e8cd9915-83d1-5879-a50c-372a374c97e8,e8cd9915-83d1-5879-a50c-372a374c97e8,e8cd9915-83d1-5879-a50c-372a374c97e8,2025-06-03 14:16:12-07:00
45cf6e80-2c5e-51a7-a91a-5fe02bbf0089,45cf6e80-2c5e-51a7-a91a-5fe02bbf0089,45cf6e80-2c5e-51a7-a91a-5fe02bbf0089,2025-06-03 14:15:57-07:00
261582d4-2f82-53d8-a29b-e1d52ffc8e38,261582d4-2f82-53d8-a29b-e1d52ffc8e38,261582d4-2f82-53d8-a29b-e1d52ffc8e38,2025-06-03 14:15:57-07:00
9acbb20b-9139-59a4-b74d-a346605f2b3b,9acbb20b-9139-59a4-b74d-a346605f2b3b,9acbb20b-9139-59a4-b74d-a346605f2b3b,2025-06-03 14:15:57-07:00
79a4f347-44a0-536e-beac-5912b7e0a4a9,79a4f347-44a0-536e-beac-5912b7e0a4a9,79a4f347-44a0-536e-beac-5912b7e0a4a9,2025-06-03 14:15:57-07:00
3580b9ec-a74d-588e-82ef-61a8dbbe083b,3580b9ec-a74d-588e-82ef-61a8dbbe083b,3580b9ec-a74d-588e-82ef-61a8dbbe083b,2025-06-03 14:15:57-07:00
ec0d361e-6a31-525a-a490-c393c1184fb3,ec0d361e-6a31-525a-a490-c393c1184fb3,ec0d361e-6a31-525a-a490-c393c1184fb3,2025-06-03 14:15:57-07:00
b6861064-7a6c-560a-9caa-422564e4d1e9,b6861064-7a6c-560a-9caa-422564e4d1e9,b6861064-7a6c-560a-9caa-422564e4d1e9,2025-06-03 14:15:56-07:00
a81a94e2-71ae-5834-ae11-dd752cf41524,a81a94e2-71ae-5834-ae11-dd752cf41524,a81a94e2-71ae-5834-ae11-dd752cf41524,2025-06-03 14:15:56-07:00
5544ceae-8c48-51e3-a0ac-85dfac7819f7,5544ceae-8c48-51e3-a0ac-85dfac7819f7,5544ceae-8c48-51e3-a0ac-85dfac7819f7,2025-06-03 14:15:56-07:00
f958ff6c-a8ab-554f-8fbe-686e10e48182,f958ff6c-a8ab-554f-8fbe-686e10e48182,f958ff6c-a8ab-554f-8fbe-686e10e48182,2025-06-03 14:15:48-07:00
f4a8c7b1-070f-5fc5-ad44-f345a195d4a7,f4a8c7b1-070f-5fc5-ad44-f345a195d4a7,f4a8c7b1-070f-5fc5-ad44-f345a195d4a7,2025-06-03 14:15:48-07:00
895dbba9-04ac-574e-97c9-0a549a4a88d9,895dbba9-04ac-574e-97c9-0a549a4a88d9,895dbba9-04ac-574e-97c9-0a549a4a88d9,2025-06-03 14:15:47-07:00
0d258002-da03-5887-9a87-44115e748790,0d258002-da03-5887-9a87-44115e748790,0d258002-da03-5887-9a87-44115e748790,2025-06-03 14:15:47-07:00
453c84cb-544e-51d9-9538-c68947feb5ad,453c84cb-544e-51d9-9538-c68947feb5ad,453c84cb-544e-51d9-9538-c68947feb5ad,2025-06-03 13:24:47-07:00
0838d2aa-c9a3-54b5-87f7-725c06dda1a8,0838d2aa-c9a3-54b5-87f7-725c06dda1a8,0838d2aa-c9a3-54b5-87f7-725c06dda1a8,2025-06-03 13:24:47-07:00
febbc543-3acd-5f35-a3ab-fa38653aa9cc,febbc543-3acd-5f35-a3ab-fa38653aa9cc,febbc543-3acd-5f35-a3ab-fa38653aa9cc,2025-06-03 13:24:46-07:00
d1f35f2e-794b-5f9a-950f-a6369142c129,d1f35f2e-794b-5f9a-950f-a6369142c129,d1f35f2e-794b-5f9a-950f-a6369142c129,2025-06-03 13:24:46-07:00
dee40de4-dacf-57fc-a78b-42008cfda183,dee40de4-dacf-57fc-a78b-42008cfda183,dee40de4-dacf-57fc-a78b-42008cfda183,2025-06-03 13:24:45-07:00
9a8aa17e-0456-5e82-9a04-2d69c0248a58,9a8aa17e-0456-5e82-9a04-2d69c0248a58,9a8aa17e-0456-5e82-9a04-2d69c0248a58,2025-06-03 13:24:45-07:00
516a932a-513f-5756-8cf0-9489259c8a94,516a932a-513f-5756-8cf0-9489259c8a94,516a932a-513f-5756-8cf0-9489259c8a94,2025-06-03 13:24:44-07:00
4ff2bdba-958e-547a-a27d-8e1af8bc18cf,4ff2bdba-958e-547a-a27d-8e1af8bc18cf,4ff2bdba-958e-547a-a27d-8e1af8bc18cf,2025-06-03 13:24:44-07:00
d0cfde95-b5d2-55d7-a809-f55a369703a6,d0cfde95-b5d2-55d7-a809-f55a369703a6,d0cfde95-b5d2-55d7-a809-f55a369703a6,2025-06-03 13:24:43-07:00
1f6f06c5-6eea-5e44-8aee-1beff90bd7da,1f6f06c5-6eea-5e44-8aee-1beff90bd7da,1f6f06c5-6eea-5e44-8aee-1beff90bd7da,2025-06-03 13:24:43-07:00
3e7ea5ff-db63-521b-93b5-ffde0527638f,3e7ea5ff-db63-521b-93b5-ffde0527638f,3e7ea5ff-db63-521b-93b5-ffde0527638f,2025-06-03 13:24:43-07:00
8c0c6f89-3c9c-5468-9cde-182d5a433b10,8c0c6f89-3c9c-5468-9cde-182d5a433b10,8c0c6f89-3c9c-5468-9cde-182d5a433b10,2025-06-03 13:24:43-07:00
a6a7e6b8-081f-5ca1-920e-0d96ebfa4eb3,a6a7e6b8-081f-5ca1-920e-0d96ebfa4eb3,a6a7e6b8-081f-5ca1-920e-0d96ebfa4eb3,2025-06-03 13:24:42-07:00
1eb9d18b-75dd-5d23-a911-10e8451f1c63,1eb9d18b-75dd-5d23-a911-10e8451f1c63,1eb9d18b-75dd-5d23-a911-10e8451f1c63,2025-06-03 13:24:42-07:00
b05a56fa-e111-55a7-a051-6c0ab0e96afb,b05a56fa-e111-55a7-a051-6c0ab0e96afb,b05a56fa-e111-55a7-a051-6c0ab0e96afb,2025-06-03 13:24:41-07:00
2562df3d-ab99-5d4d-9dd8-4071c58214d6,2562df3d-ab99-5d4d-9dd8-4071c58214d6,2562df3d-ab99-5d4d-9dd8-4071c58214d6,2025-06-03 13:24:41-07:00
def576a6-0429-5554-82c1-a51f6a4a0985,def576a6-0429-5554-82c1-a51f6a4a0985,def576a6-0429-5554-82c1-a51f6a4a0985,2025-06-03 13:24:40-07:00
9a15fb3e-5fd1-5e32-b4b3-c18192236822,9a15fb3e-5fd1-5e32-b4b3-c18192236822,9a15fb3e-5fd1-5e32-b4b3-c18192236822,2025-06-03 13:24:40-07:00
c41b0e25-3bfb-5c2d-92c5-c26e2e4b512a,c41b0e25-3bfb-5c2d-92c5-c26e2e4b512a,c41b0e25-3bfb-5c2d-92c5-c26e2e4b512a,2025-06-03 13:24:40-07:00
68e9a15f-ba07-59e1-ab1e-ae69d3a6ddc2,68e9a15f-ba07-59e1-ab1e-ae69d3a6ddc2,68e9a15f-ba07-59e1-ab1e-ae69d3a6ddc2,2025-06-03 13:24:40-07:00
acaaa8e6-d2ac-545d-8b1e-ade26539791d,acaaa8e6-d2ac-545d-8b1e-ade26539791d,acaaa8e6-d2ac-545d-8b1e-ade26539791d,2025-06-03 13:24:39-07:00
ae96561b-709e-5e6c-80ab-4de01003b6e1,ae96561b-709e-5e6c-80ab-4de01003b6e1,ae96561b-709e-5e6c-80ab-4de01003b6e1,2025-06-03 13:24:39-07:00
c504f5b1-c54f-5720-abfc-4f2468a06724,c504f5b1-c54f-5720-abfc-4f2468a06724,c504f5b1-c54f-5720-abfc-4f2468a06724,2025-06-03 13:24:38-07:00
7a99b5d7-8728-57ec-8db1-7ed9bf9c0f7b,7a99b5d7-8728-57ec-8db1-7ed9bf9c0f7b,7a99b5d7-8728-57ec-8db1-7ed9bf9c0f7b,2025-06-03 13:24:38-07:00
3f14d5ac-084a-5b7d-8346-2b1ac08cf724,3f14d5ac-084a-5b7d-8346-2b1ac08cf724,3f14d5ac-084a-5b7d-8346-2b1ac08cf724,2025-06-03 13:24:37-07:00
e25f3d0d-d545-54cd-a96b-eb611fcb75f2,e25f3d0d-d545-54cd-a96b-eb611fcb75f2,e25f3d0d-d545-54cd-a96b-eb611fcb75f2,2025-06-03 13:24:37-07:00
8af25842-dd05-5e64-874c-35bbd5e54d5a,8af25842-dd05-5e64-874c-35bbd5e54d5a,8af25842-dd05-5e64-874c-35bbd5e54d5a,2025-06-03 13:24:37-07:00
9cbf962f-405b-5287-b226-88dc3560e385,9cbf962f-405b-5287-b226-88dc3560e385,9cbf962f-405b-5287-b226-88dc3560e385,2025-06-03 13:24:37-07:00
0493e60e-b738-585b-b93e-6ed329d39c8e,0493e60e-b738-585b-b93e-6ed329d39c8e,0493e60e-b738-585b-b93e-6ed329d39c8e,2025-06-03 13:24:37-07:00
6388f499-1f3b-51ab-a8bb-aa52822acb71,6388f499-1f3b-51ab-a8bb-aa52822acb71,6388f499-1f3b-51ab-a8bb-aa52822acb71,2025-06-03 13:24:37-07:00
7f0ab91d-6eac-5a6b-bbbf-48dcf378c75e,7f0ab91d-6eac-5a6b-bbbf-48dcf378c75e,7f0ab91d-6eac-5a6b-bbbf-48dcf378c75e,2025-06-03 13:24:37-07:00
1e8e2b2e-139e-5bae-a46a-b7c9366c7ebf,1e8e2b2e-139e-5bae-a46a-b7c9366c7ebf,1e8e2b2e-139e-5bae-a46a-b7c9366c7ebf,2025-06-03 13:24:37-07:00
ceefd783-5812-5c4d-a22f-7235881a5508,ceefd783-5812-5c4d-a22f-7235881a5508,ceefd783-5812-5c4d-a22f-7235881a5508,2025-06-03 13:24:37-07:00
d37148a2-e4d1-51f6-8732-504e3b5289fc,d37148a2-e4d1-51f6-8732-504e3b5289fc,d37148a2-e4d1-51f6-8732-504e3b5289fc,2025-06-03 13:24:37-07:00
7c7ee0b8-0841-588d-be9b-ff1bdaf8033c,7c7ee0b8-0841-588d-be9b-ff1bdaf8033c,7c7ee0b8-0841-588d-be9b-ff1bdaf8033c,2025-06-03 13:24:36-07:00
08985dde-3c53-520b-b3b5-53e8dd73df19,08985dde-3c53-520b-b3b5-53e8dd73df19,08985dde-3c53-520b-b3b5-53e8dd73df19,2025-06-03 13:24:36-07:00
b9e79280-8876-53bd-9911-1f32b7f43933,b9e79280-8876-53bd-9911-1f32b7f43933,b9e79280-8876-53bd-9911-1f32b7f43933,2025-06-03 13:24:36-07:00
7039be3a-8efa-54b0-8152-863e66fa4f78,7039be3a-8efa-54b0-8152-863e66fa4f78,7039be3a-8efa-54b0-8152-863e66fa4f78,2025-06-03 13:24:36-07:00
ab59f455-b31d-51f3-8671-9d4781b2498b,ab59f455-b31d-51f3-8671-9d4781b2498b,ab59f455-b31d-51f3-8671-9d4781b2498b,2025-06-03 13:24:36-07:00
d9bb6b8b-4a62-512e-89d1-678db8a2a28e,d9bb6b8b-4a62-512e-89d1-678db8a2a28e,d9bb6b8b-4a62-512e-89d1-678db8a2a28e,2025-06-03 13:24:36-07:00
3ab6001e-7d66-5dd7-aabf-46ec8e047917,3ab6001e-7d66-5dd7-aabf-46ec8e047917,3ab6001e-7d66-5dd7-aabf-46ec8e047917,2025-06-03 13:24:19-07:00
098d6df6-0094-5357-baaf-bbe572e90639,098d6df6-0094-5357-baaf-bbe572e90639,098d6df6-0094-5357-baaf-bbe572e90639,2025-06-03 13:24:19-07:00
be4e9b06-5583-5437-9423-61c7435a3896,be4e9b06-5583-5437-9423-61c7435a3896,be4e9b06-5583-5437-9423-61c7435a3896,2025-06-03 13:24:19-07:00
4231bcd3-cebe-524c-91bc-e4b98a9f8d34,4231bcd3-cebe-524c-91bc-e4b98a9f8d34,4231bcd3-cebe-524c-91bc-e4b98a9f8d34,2025-06-03 13:24:19-07:00
2ba4bc61-8ff8-557a-9ef4-3a7042f60c09,2ba4bc61-8ff8-557a-9ef4-3a7042f60c09,2ba4bc61-8ff8-557a-9ef4-3a7042f60c09,2025-06-03 13:24:18-07:00
87b03452-71ed-5c74-9378-181b3afd4dff,87b03452-71ed-5c74-9378-181b3afd4dff,87b03452-71ed-5c74-9378-181b3afd4dff,2025-06-03 13:24:18-07:00
4ae8afe9-c617-59ec-b2ab-d4a0288dff9e,4ae8afe9-c617-59ec-b2ab-d4a0288dff9e,4ae8afe9-c617-59ec-b2ab-d4a0288dff9e,2025-06-03 13:24:18-07:00
cd6f43c3-1179-5be6-b5d1-fde6c43b4389,cd6f43c3-1179-5be6-b5d1-fde6c43b4389,cd6f43c3-1179-5be6-b5d1-fde6c43b4389,2025-06-03 13:24:18-07:00
742b588d-85cf-5024-aefd-fcf5fb617ec6,742b588d-85cf-5024-aefd-fcf5fb617ec6,742b588d-85cf-5024-aefd-fcf5fb617ec6,2025-06-03 13:24:18-07:00
780e9983-ce85-5acd-992f-9d2cf70aada0,780e9983-ce85-5acd-992f-9d2cf70aada0,780e9983-ce85-5acd-992f-9d2cf70aada0,2025-06-03 13:24:09-07:00
9c5a16fe-0e18-57fb-8948-e6d382b57b08,9c5a16fe-0e18-57fb-8948-e6d382b57b08,9c5a16fe-0e18-57fb-8948-e6d382b57b08,2025-06-03 13:24:08-07:00
c1d9be31-5980-5e11-a429-5f39cb08bd3d,c1d9be31-5980-5e11-a429-5f39cb08bd3d,c1d9be31-5980-5e11-a429-5f39cb08bd3d,2025-06-03 13:24:07-07:00
f34216bd-fc7a-5476-88dc-8dac49a1adf4,f34216bd-fc7a-5476-88dc-8dac49a1adf4,f34216bd-fc7a-5476-88dc-8dac49a1adf4,2025-06-03 13:18:48-07:00
01470799-0eea-57f4-a8a9-9f6fdbf1b8e0,01470799-0eea-57f4-a8a9-9f6fdbf1b8e0,01470799-0eea-57f4-a8a9-9f6fdbf1b8e0,2025-06-03 13:18:48-07:00
fb7097e9-03e0-5b7b-8c33-f4a14f07d5a7,fb7097e9-03e0-5b7b-8c33-f4a14f07d5a7,fb7097e9-03e0-5b7b-8c33-f4a14f07d5a7,2025-06-03 13:18:47-07:00
9a025a8d-c0da-506c-90b5-9bd84a306eb3,9a025a8d-c0da-506c-90b5-9bd84a306eb3,9a025a8d-c0da-506c-90b5-9bd84a306eb3,2025-06-03 13:18:47-07:00
51fde307-0325-5580-929a-273c72538d28,51fde307-0325-5580-929a-273c72538d28,51fde307-0325-5580-929a-273c72538d28,2025-06-03 13:18:46-07:00
91cd19d7-e4aa-54a2-bbfd-a8dcbcc19e1a,91cd19d7-e4aa-54a2-bbfd-a8dcbcc19e1a,91cd19d7-e4aa-54a2-bbfd-a8dcbcc19e1a,2025-06-03 13:18:46-07:00
7ec0753c-09d5-543b-a2bd-f95c0aec1661,7ec0753c-09d5-543b-a2bd-f95c0aec1661,7ec0753c-09d5-543b-a2bd-f95c0aec1661,2025-06-03 13:18:45-07:00
8d0aac23-e4f8-57c0-a156-17ea7870902a,8d0aac23-e4f8-57c0-a156-17ea7870902a,8d0aac23-e4f8-57c0-a156-17ea7870902a,2025-06-03 13:18:45-07:00
2e82ecc8-05a9-5876-8bd3-6fe25b919b15,2e82ecc8-05a9-5876-8bd3-6fe25b919b15,2e82ecc8-05a9-5876-8bd3-6fe25b919b15,2025-06-03 13:18:44-07:00
87a5ae4d-be22-525a-9937-990b53c69648,87a5ae4d-be22-525a-9937-990b53c69648,87a5ae4d-be22-525a-9937-990b53c69648,2025-06-03 13:18:44-07:00
9530cfa8-b409-5b09-98d3-08218186e1e0,9530cfa8-b409-5b09-98d3-08218186e1e0,9530cfa8-b409-5b09-98d3-08218186e1e0,2025-06-03 13:18:44-07:00
a95ea220-a3ae-52f7-bb46-7001ef22eba0,a95ea220-a3ae-52f7-bb46-7001ef22eba0,a95ea220-a3ae-52f7-bb46-7001ef22eba0,2025-06-03 13:18:44-07:00
0ca64ed6-144a-5e41-8246-c5e377ae9fc9,0ca64ed6-144a-5e41-8246-c5e377ae9fc9,0ca64ed6-144a-5e41-8246-c5e377ae9fc9,2025-06-03 13:18:43-07:00
91c5f0f7-4dd5-585c-9b15-c2dbf61a672f,91c5f0f7-4dd5-585c-9b15-c2dbf61a672f,91c5f0f7-4dd5-585c-9b15-c2dbf61a672f,2025-06-03 13:18:43-07:00
c219fe14-57cd-51ed-a5e6-5da6859afc21,c219fe14-57cd-51ed-a5e6-5da6859afc21,c219fe14-57cd-51ed-a5e6-5da6859afc21,2025-06-03 13:18:42-07:00
6523508b-27fd-5821-809c-bcc8a4669e20,6523508b-27fd-5821-809c-bcc8a4669e20,6523508b-27fd-5821-809c-bcc8a4669e20,2025-06-03 13:18:42-07:00
f5e5d43b-d0e2-5fb9-b6b9-54a924e74084,f5e5d43b-d0e2-5fb9-b6b9-54a924e74084,f5e5d43b-d0e2-5fb9-b6b9-54a924e74084,2025-06-03 13:18:41-07:00
89d1a17c-9215-52e6-b103-149e6398c301,89d1a17c-9215-52e6-b103-149e6398c301,89d1a17c-9215-52e6-b103-149e6398c301,2025-06-03 13:18:41-07:00
400aaa1e-454d-5400-88dc-79c3291929aa,400aaa1e-454d-5400-88dc-79c3291929aa,400aaa1e-454d-5400-88dc-79c3291929aa,2025-06-03 13:18:40-07:00
fc530d73-2cd2-51ed-b61b-c679e69e8b99,fc530d73-2cd2-51ed-b61b-c679e69e8b99,fc530d73-2cd2-51ed-b61b-c679e69e8b99,2025-06-03 13:18:40-07:00
7c8b9660-4b1b-5ec7-af6d-bddd370e4eb0,7c8b9660-4b1b-5ec7-af6d-bddd370e4eb0,7c8b9660-4b1b-5ec7-af6d-bddd370e4eb0,2025-06-03 13:18:40-07:00
f8d92360-3947-567b-9dc6-fd46546c3365,f8d92360-3947-567b-9dc6-fd46546c3365,f8d92360-3947-567b-9dc6-fd46546c3365,2025-06-03 13:18:40-07:00
7aa946a2-07da-5265-b255-5154e17dcdb3,7aa946a2-07da-5265-b255-5154e17dcdb3,7aa946a2-07da-5265-b255-5154e17dcdb3,2025-06-03 13:18:38-07:00
f76dc99f-e8ec-5b0b-85e0-ce3f944d4558,f76dc99f-e8ec-5b0b-85e0-ce3f944d4558,f76dc99f-e8ec-5b0b-85e0-ce3f944d4558,2025-06-03 13:18:38-07:00
7550390b-28e7-5895-89f9-5d5afc35ab89,7550390b-28e7-5895-89f9-5d5afc35ab89,7550390b-28e7-5895-89f9-5d5afc35ab89,2025-06-03 13:18:38-07:00
d7b492bb-d703-501a-b1d7-6c56b9d7a8cc,d7b492bb-d703-501a-b1d7-6c56b9d7a8cc,d7b492bb-d703-501a-b1d7-6c56b9d7a8cc,2025-06-03 13:18:38-07:00
89c622ec-a8e7-5195-93e9-51b82be08e9a,89c622ec-a8e7-5195-93e9-51b82be08e9a,89c622ec-a8e7-5195-93e9-51b82be08e9a,2025-06-03 13:18:37-07:00
c333340b-ee8b-5ff2-a21d-3d80c43d5296,c333340b-ee8b-5ff2-a21d-3d80c43d5296,c333340b-ee8b-5ff2-a21d-3d80c43d5296,2025-06-03 13:18:37-07:00
e125abb6-09bd-5b86-8c9b-8675042f1bfc,e125abb6-09bd-5b86-8c9b-8675042f1bfc,e125abb6-09bd-5b86-8c9b-8675042f1bfc,2025-06-03 13:18:37-07:00
0a8c3ceb-64c0-56b2-af43-6e65e9fb27fc,0a8c3ceb-64c0-56b2-af43-6e65e9fb27fc,0a8c3ceb-64c0-56b2-af43-6e65e9fb27fc,2025-06-03 13:18:37-07:00
70841d55-d241-5c38-a847-baef44afe118,70841d55-d241-5c38-a847-baef44afe118,70841d55-d241-5c38-a847-baef44afe118,2025-06-03 13:18:37-07:00
c4123e74-a5f2-5923-b3bf-ca4adf64a810,c4123e74-a5f2-5923-b3bf-ca4adf64a810,c4123e74-a5f2-5923-b3bf-ca4adf64a810,2025-06-03 13:18:37-07:00
158ba0c7-31e4-55e6-8020-394f01d02efd,158ba0c7-31e4-55e6-8020-394f01d02efd,158ba0c7-31e4-55e6-8020-394f01d02efd,2025-06-03 13:18:37-07:00
0b3b4fa5-8741-51bf-a2cc-36c0a20a03a6,0b3b4fa5-8741-51bf-a2cc-36c0a20a03a6,0b3b4fa5-8741-51bf-a2cc-36c0a20a03a6,2025-06-03 13:18:37-07:00
deeddb23-8b99-5749-95f7-7b3cb80e4d9d,deeddb23-8b99-5749-95f7-7b3cb80e4d9d,deeddb23-8b99-5749-95f7-7b3cb80e4d9d,2025-06-03 13:18:37-07:00
c38952ac-a09f-5b6e-891b-ffa774d62787,c38952ac-a09f-5b6e-891b-ffa774d62787,c38952ac-a09f-5b6e-891b-ffa774d62787,2025-06-03 13:18:37-07:00
3faf3141-7ef7-5592-a6a7-dfa04cc595b2,3faf3141-7ef7-5592-a6a7-dfa04cc595b2,3faf3141-7ef7-5592-a6a7-dfa04cc595b2,2025-06-03 13:18:37-07:00
9f074dd3-257e-51c8-afc9-46a6361898f6,9f074dd3-257e-51c8-afc9-46a6361898f6,9f074dd3-257e-51c8-afc9-46a6361898f6,2025-06-03 13:18:36-07:00
2309a5f1-c81e-50ad-9f77-ee5c9d060768,2309a5f1-c81e-50ad-9f77-ee5c9d060768,2309a5f1-c81e-50ad-9f77-ee5c9d060768,2025-06-03 13:18:36-07:00
0c2a6c8e-fc0f-5bae-8bdf-1ee133bc570b,0c2a6c8e-fc0f-5bae-8bdf-1ee133bc570b,0c2a6c8e-fc0f-5bae-8bdf-1ee133bc570b,2025-06-03 13:18:36-07:00
66161f95-6eb0-59de-a460-de90b480348b,66161f95-6eb0-59de-a460-de90b480348b,66161f95-6eb0-59de-a460-de90b480348b,2025-06-03 13:18:18-07:00
1d9d4135-4060-55dd-a1fb-fb8cf9005551,1d9d4135-4060-55dd-a1fb-fb8cf9005551,1d9d4135-4060-55dd-a1fb-fb8cf9005551,2025-06-03 13:18:18-07:00
fd35c01e-34c6-5a91-bb7a-0e52f6aad10a,fd35c01e-34c6-5a91-bb7a-0e52f6aad10a,fd35c01e-34c6-5a91-bb7a-0e52f6aad10a,2025-06-03 13:18:18-07:00
64c30630-8223-5a9b-8681-e4030f518d4a,64c30630-8223-5a9b-8681-e4030f518d4a,64c30630-8223-5a9b-8681-e4030f518d4a,2025-06-03 13:18:18-07:00
5372c467-befa-5f7d-b9d4-84346da3bfd6,5372c467-befa-5f7d-b9d4-84346da3bfd6,5372c467-befa-5f7d-b9d4-84346da3bfd6,2025-06-03 13:18:18-07:00
0e5ca16e-17b7-5ebb-bc12-e6e4edc1f681,0e5ca16e-17b7-5ebb-bc12-e6e4edc1f681,0e5ca16e-17b7-5ebb-bc12-e6e4edc1f681,2025-06-03 13:18:18-07:00
1b2ec285-4a85-56a0-923f-3cc8b6a91f58,1b2ec285-4a85-56a0-923f-3cc8b6a91f58,1b2ec285-4a85-56a0-923f-3cc8b6a91f58,2025-06-03 13:18:18-07:00
1d502017-7262-5980-b43b-33d91ba2cc2e,1d502017-7262-5980-b43b-33d91ba2cc2e,1d502017-7262-5980-b43b-33d91ba2cc2e,2025-06-03 13:18:18-07:00
9ccdfdac-0f48-5ee8-944a-132943982332,9ccdfdac-0f48-5ee8-944a-132943982332,9ccdfdac-0f48-5ee8-944a-132943982332,2025-06-03 13:18:18-07:00
1f3f42de-ad44-5421-8e49-1bdb944724c8,1f3f42de-ad44-5421-8e49-1bdb944724c8,1f3f42de-ad44-5421-8e49-1bdb944724c8,2025-06-03 13:18:08-07:00
b1c7db99-1339-5f32-9921-6c9a344658c5,b1c7db99-1339-5f32-9921-6c9a344658c5,b1c7db99-1339-5f32-9921-6c9a344658c5,2025-06-03 13:18:07-07:00
769d367b-78b8-5177-8790-0144e3603109,769d367b-78b8-5177-8790-0144e3603109,769d367b-78b8-5177-8790-0144e3603109,2025-06-03 13:18:07-07:00
3b0651cd-8962-5715-a4fa-57572a44aca6,3b0651cd-8962-5715-a4fa-57572a44aca6,3b0651cd-8962-5715-a4fa-57572a44aca6,2025-06-03 12:28:15-07:00
0a9508da-6b87-5c68-8311-523127f10b99,0a9508da-6b87-5c68-8311-523127f10b99,0a9508da-6b87-5c68-8311-523127f10b99,2025-06-03 12:25:47-07:00
